-- phpMyAdmin SQL Dump
-- version 5.1.1
-- https://www.phpmyadmin.net/
--
-- Host: 127.0.0.1
-- Waktu pembuatan: 21 Bulan Mei 2023 pada 10.13
-- Versi server: 10.4.22-MariaDB
-- Versi PHP: 8.1.2

SET SQL_MODE = "NO_AUTO_VALUE_ON_ZERO";
START TRANSACTION;
SET time_zone = "+00:00";


/*!40101 SET @OLD_CHARACTER_SET_CLIENT=@@CHARACTER_SET_CLIENT */;
/*!40101 SET @OLD_CHARACTER_SET_RESULTS=@@CHARACTER_SET_RESULTS */;
/*!40101 SET @OLD_COLLATION_CONNECTION=@@COLLATION_CONNECTION */;
/*!40101 SET NAMES utf8mb4 */;

--
-- Database: `wpu_laravel`
--

-- --------------------------------------------------------

--
-- Struktur dari tabel `categories`
--

CREATE TABLE `categories` (
  `id` bigint(20) UNSIGNED NOT NULL,
  `name` varchar(255) COLLATE utf8mb4_unicode_ci NOT NULL,
  `slug` varchar(255) COLLATE utf8mb4_unicode_ci NOT NULL,
  `created_at` timestamp NULL DEFAULT NULL,
  `updated_at` timestamp NULL DEFAULT NULL
) ENGINE=InnoDB DEFAULT CHARSET=utf8mb4 COLLATE=utf8mb4_unicode_ci;

--
-- Dumping data untuk tabel `categories`
--

INSERT INTO `categories` (`id`, `name`, `slug`, `created_at`, `updated_at`) VALUES
(1, 'Otot Arm', 'otottangan', '2023-04-30 23:36:08', '2023-04-30 23:36:08'),
(2, 'Otot Abs', 'ototperut', '2023-04-30 23:36:08', '2023-04-30 23:36:08'),
(3, 'Otot Chest', 'ototdada', '2023-04-30 23:36:08', '2023-04-30 23:36:08'),
(4, 'Otot Leg', 'ototpaha', '2023-04-30 23:36:09', '2023-04-30 23:36:09'),
(5, 'Otot Back', 'ototpunggung', '2023-04-30 23:36:09', '2023-04-30 23:36:09'),
(6, 'kenangan', 'kenangan', NULL, NULL);

-- --------------------------------------------------------

--
-- Struktur dari tabel `failed_jobs`
--

CREATE TABLE `failed_jobs` (
  `id` bigint(20) UNSIGNED NOT NULL,
  `uuid` varchar(255) COLLATE utf8mb4_unicode_ci NOT NULL,
  `connection` text COLLATE utf8mb4_unicode_ci NOT NULL,
  `queue` text COLLATE utf8mb4_unicode_ci NOT NULL,
  `payload` longtext COLLATE utf8mb4_unicode_ci NOT NULL,
  `exception` longtext COLLATE utf8mb4_unicode_ci NOT NULL,
  `failed_at` timestamp NOT NULL DEFAULT current_timestamp()
) ENGINE=InnoDB DEFAULT CHARSET=utf8mb4 COLLATE=utf8mb4_unicode_ci;

-- --------------------------------------------------------

--
-- Struktur dari tabel `migrations`
--

CREATE TABLE `migrations` (
  `id` int(10) UNSIGNED NOT NULL,
  `migration` varchar(255) COLLATE utf8mb4_unicode_ci NOT NULL,
  `batch` int(11) NOT NULL
) ENGINE=InnoDB DEFAULT CHARSET=utf8mb4 COLLATE=utf8mb4_unicode_ci;

--
-- Dumping data untuk tabel `migrations`
--

INSERT INTO `migrations` (`id`, `migration`, `batch`) VALUES
(1, '2014_10_12_000000_create_users_table', 1),
(2, '2014_10_12_100000_create_password_reset_tokens_table', 1),
(3, '2019_08_19_000000_create_failed_jobs_table', 1),
(4, '2019_12_14_000001_create_personal_access_tokens_table', 1),
(5, '2023_04_05_172402_create_posts_table', 1),
(6, '2023_04_07_070409_create_categories_table', 1),
(7, '2023_05_04_081421_add_is_admin_to_users_table', 2);

-- --------------------------------------------------------

--
-- Struktur dari tabel `password_reset_tokens`
--

CREATE TABLE `password_reset_tokens` (
  `email` varchar(255) COLLATE utf8mb4_unicode_ci NOT NULL,
  `token` varchar(255) COLLATE utf8mb4_unicode_ci NOT NULL,
  `created_at` timestamp NULL DEFAULT NULL
) ENGINE=InnoDB DEFAULT CHARSET=utf8mb4 COLLATE=utf8mb4_unicode_ci;

-- --------------------------------------------------------

--
-- Struktur dari tabel `personal_access_tokens`
--

CREATE TABLE `personal_access_tokens` (
  `id` bigint(20) UNSIGNED NOT NULL,
  `tokenable_type` varchar(255) COLLATE utf8mb4_unicode_ci NOT NULL,
  `tokenable_id` bigint(20) UNSIGNED NOT NULL,
  `name` varchar(255) COLLATE utf8mb4_unicode_ci NOT NULL,
  `token` varchar(64) COLLATE utf8mb4_unicode_ci NOT NULL,
  `abilities` text COLLATE utf8mb4_unicode_ci DEFAULT NULL,
  `last_used_at` timestamp NULL DEFAULT NULL,
  `expires_at` timestamp NULL DEFAULT NULL,
  `created_at` timestamp NULL DEFAULT NULL,
  `updated_at` timestamp NULL DEFAULT NULL
) ENGINE=InnoDB DEFAULT CHARSET=utf8mb4 COLLATE=utf8mb4_unicode_ci;

-- --------------------------------------------------------

--
-- Struktur dari tabel `posts`
--

CREATE TABLE `posts` (
  `id` bigint(20) UNSIGNED NOT NULL,
  `category_id` bigint(20) UNSIGNED NOT NULL,
  `user_id` bigint(20) UNSIGNED NOT NULL,
  `judul` varchar(255) COLLATE utf8mb4_unicode_ci NOT NULL,
  `slug` varchar(255) COLLATE utf8mb4_unicode_ci NOT NULL,
  `image` varchar(255) COLLATE utf8mb4_unicode_ci DEFAULT NULL,
  `excerpt` text COLLATE utf8mb4_unicode_ci NOT NULL,
  `body` text COLLATE utf8mb4_unicode_ci NOT NULL,
  `publish_at` timestamp NULL DEFAULT NULL,
  `created_at` timestamp NULL DEFAULT NULL,
  `updated_at` timestamp NULL DEFAULT NULL
) ENGINE=InnoDB DEFAULT CHARSET=utf8mb4 COLLATE=utf8mb4_unicode_ci;

--
-- Dumping data untuk tabel `posts`
--

INSERT INTO `posts` (`id`, `category_id`, `user_id`, `judul`, `slug`, `image`, `excerpt`, `body`, `publish_at`, `created_at`, `updated_at`) VALUES
(1, 5, 2, 'Similique earum dolor laborum.', 'eligendi-molestias-sit-cumque-soluta-rerum-nihil-iure', NULL, 'Nostrum voluptas ut iure eos. Et quia aut qui qui aut.', '<p>Quia laudantium nostrum rem enim veritatis et ab. Nobis in perspiciatis facere ut nihil commodi quos. Et pariatur illum iusto aliquam. Ut accusantium nemo sed dignissimos.</p><p>Repellat architecto sequi dolorem illo omnis beatae quidem. Inventore dolor dolor excepturi mollitia. Odio sed eum tenetur rem accusamus eaque.</p><p>Incidunt non esse officia qui voluptas quaerat. Quae ipsam delectus quo facilis doloremque consectetur quia vel. Expedita hic et excepturi.</p><p>Aperiam quam eum quo qui expedita sed reprehenderit. Enim aliquam harum optio qui quasi possimus omnis. Maiores repellendus quia velit inventore illum unde. Voluptas quaerat voluptatum et ut dicta.</p><p>Sit eveniet esse nobis repudiandae dolor soluta. Voluptatem est nam nemo ut vel ea velit. Beatae adipisci laboriosam aut. Qui accusantium sit cum quidem dolores.</p><p>Consectetur odio voluptas fugiat distinctio non. Voluptas quis ea aliquid. Qui ab dolor esse sed odio.</p><p>Ducimus praesentium enim ut. Accusantium in necessitatibus in porro sequi beatae. Qui omnis magni porro accusamus consectetur. Provident numquam qui facilis sunt.</p><p>Quo nobis veniam laborum laudantium totam. Mollitia dolorem voluptas repellendus odio. Facilis ea veritatis voluptatum ipsam. Nihil ex saepe modi adipisci quidem magnam dolor.</p><p>Rem ipsa est dolores et accusantium inventore. Numquam aut voluptas aut quas quos iste id. Natus nemo iste est eaque dicta officia quia.</p><p>Non aliquid nesciunt libero qui velit fugiat ut. Ratione voluptatum voluptatem recusandae sunt quia. Fugit ipsa necessitatibus suscipit omnis cumque blanditiis maxime in. Reprehenderit id dolore temporibus dolorum.</p>', NULL, '2023-04-30 23:36:09', '2023-04-30 23:36:09'),
(2, 1, 3, 'Nobis non quod.', 'et-accusantium-ex-commodi-tempore-itaque-voluptas-tenetur-ipsum', NULL, 'Doloremque rerum quam rerum. Atque mollitia accusantium mollitia rerum saepe.', '<p>Id aspernatur recusandae officia quia molestias maxime doloremque. Vero magnam tempore possimus aspernatur.</p><p>Voluptates quo et esse voluptas. Aperiam tempore tempora voluptatem ipsa sit. Consectetur expedita at et qui quibusdam et. In sapiente doloribus maiores quia. Sint veritatis sed suscipit hic saepe qui aliquam sapiente.</p><p>Nostrum optio nemo quia amet aut. Laudantium molestias delectus nulla quibusdam corrupti possimus. Voluptates laudantium perspiciatis doloremque repellat sapiente.</p><p>Voluptate minus est nisi. Veniam qui aspernatur esse qui nostrum nulla. Voluptatibus asperiores dolor placeat qui labore quidem.</p><p>Iusto omnis alias optio facere. Placeat ut dolorem perferendis provident in quas. Nihil voluptates est sit voluptatum nihil non. Et molestiae ut ipsum aliquam.</p><p>Aut iste ex deserunt optio non autem quos. Ea porro eum quia nemo non maxime. Soluta aperiam esse voluptatem dolorum ad et animi.</p><p>Corporis expedita voluptatum qui dolor. Corporis sit ipsam cumque nam laborum commodi facilis. Quo fuga culpa cupiditate nisi. Iste repudiandae et possimus laborum.</p><p>In laudantium itaque maxime neque neque officiis similique. Consequatur quod quo nesciunt occaecati. Sit ut maxime sequi vel inventore consequatur.</p><p>Provident ea ex quos in molestias. Consequatur qui similique sunt ipsa. In nisi consequatur quia corporis neque.</p><p>Porro saepe et id impedit. Eos tempora minima sequi atque. Amet facere natus repellat nesciunt sequi corporis.</p><p>Quo atque vel corrupti dolor dolorem error. Eos reiciendis voluptatibus architecto. Pariatur eligendi dolor qui et vero.</p><p>Explicabo quia blanditiis eligendi cum voluptatum ea voluptate. Sit assumenda architecto sed quaerat beatae suscipit molestiae adipisci. Ipsa assumenda repellendus voluptatem animi iste rerum tempore.</p><p>Ad harum eaque et aspernatur aut ea. Optio dolorem libero eligendi velit tempore rerum. Ipsa et nesciunt voluptas consequuntur voluptas. Dicta excepturi est qui laborum qui quidem nulla.</p><p>Possimus nisi minus quaerat vero. Error non delectus et et. Et sapiente natus atque debitis ducimus ducimus.</p><p>Qui odio libero laboriosam eius earum delectus recusandae. Rem voluptatem possimus modi accusantium qui dolorem iure. Qui dignissimos vel quis qui in dolor unde.</p><p>Corrupti blanditiis accusamus suscipit nam. Odio labore et quae odit sint asperiores quis. Hic ratione quis minus accusamus. Aut repudiandae velit rerum necessitatibus corporis praesentium qui.</p>', NULL, '2023-04-30 23:36:09', '2023-04-30 23:36:09'),
(3, 3, 1, 'Magni vitae ratione.', 'error-architecto-cumque-omnis-sed', NULL, 'Iusto possimus eligendi omnis. Ea aliquam dolores expedita numquam atque.', '<p>Velit magni ut itaque qui. Occaecati similique voluptatem cum ducimus. Doloribus repellat dolor voluptas non vel. Consequatur eum ratione et voluptates.</p><p>Velit quam et nam nobis corrupti assumenda. Et id aperiam cupiditate est voluptatem est. Et sunt aspernatur id est saepe.</p><p>Animi sed officiis est voluptas. Earum ipsum qui harum. Praesentium quia quae repudiandae sapiente eaque nisi et.</p><p>Quia reiciendis modi est rerum ad. In saepe illum non alias. Earum blanditiis sunt ut aliquid non nemo. Aspernatur velit occaecati sit eum deleniti aut doloremque.</p><p>Saepe et aut aspernatur officiis. Quae quidem est nobis error qui nihil. Et facilis nihil temporibus.</p><p>Quia reiciendis fugit hic natus quo. Minima sunt rem quo voluptas dolorum accusamus nam. Labore alias maiores architecto cupiditate possimus. Voluptas sed aspernatur facilis itaque amet nesciunt aut error.</p><p>Libero tempora molestias totam eius. Ad natus facere labore facere consequuntur debitis aspernatur. Beatae ut eos dignissimos in rerum.</p><p>Non reprehenderit et cupiditate odit fugiat molestiae. Omnis asperiores incidunt blanditiis possimus.</p><p>Cupiditate quis nihil facilis nesciunt velit. Sint necessitatibus consequuntur rerum iste et animi repudiandae.</p><p>Consequatur veniam dolores molestiae eveniet officia et repellendus. Dolorum nihil dolore vel sint exercitationem. Soluta accusantium possimus sapiente tempore incidunt molestias voluptas. Libero non cupiditate qui ullam.</p><p>Aperiam porro recusandae quasi qui laborum repellat ad. Hic eum delectus id odit consequatur aliquid odio ad. Fuga quia dignissimos velit qui id ab. Ut veritatis qui similique adipisci sit quibusdam.</p><p>Sapiente itaque natus molestiae dignissimos rerum error. Occaecati quia unde sit dolore. Omnis repellendus velit error ducimus ut corrupti consequatur ut. Numquam recusandae blanditiis sed eos accusantium officia voluptatem.</p><p>Aut qui aut et fugit. Est expedita nisi libero nobis praesentium qui. Nihil ducimus vitae suscipit tempore minus accusamus excepturi.</p><p>A fugiat odio explicabo. Sit autem autem nihil. Modi ut quo ipsam ipsum. Voluptatem temporibus aut doloremque magnam iure nemo.</p>', NULL, '2023-04-30 23:36:10', '2023-04-30 23:36:10'),
(4, 4, 2, 'Aperiam enim quasi.', 'et-repudiandae-dolor-distinctio-ea-ea-dolor', NULL, 'Quaerat qui consequatur ut consequatur blanditiis. Omnis atque hic rerum porro voluptatem impedit vel. Voluptatem quam non voluptatibus itaque fugit ullam. Reprehenderit rem non vel dolores facere at.', '<p>Est rerum nam velit delectus earum. Dolorem quisquam sunt officia voluptatem voluptatem. Consequatur qui vel et dignissimos ea est et.</p><p>Reiciendis placeat eum laboriosam repudiandae asperiores provident eum. Ratione in ad nihil sed inventore. Molestias deleniti eum voluptatem facilis.</p><p>Magnam necessitatibus consequatur consectetur et. Qui et aut qui nulla laudantium. Sed rerum sit aut in veritatis maiores. Earum et est labore fugiat quaerat.</p><p>Earum voluptatem fugit magnam enim. Hic error neque voluptas repellendus reprehenderit. Aut aliquid optio rem natus. Esse nulla molestias et error eos adipisci et aut.</p><p>Fugit quasi tempore omnis minus expedita amet dolorum. Tempore voluptatem assumenda iste delectus aut. Quidem tenetur id soluta in aut.</p><p>Sit quo omnis vitae omnis incidunt recusandae aut. Inventore minus ut mollitia consectetur dolores. Corporis unde itaque dolor accusamus asperiores.</p><p>Voluptates officia adipisci laborum commodi adipisci in aut. Culpa facere quidem necessitatibus aut et veritatis. Qui quis provident delectus. Natus eos accusamus veniam et molestiae id.</p><p>Aut eaque nulla voluptas et animi quisquam quisquam. Et laudantium quo quibusdam vitae. Labore aut totam sunt libero quidem porro asperiores. Numquam eos quis in alias rerum minima. Occaecati rem modi consequuntur.</p><p>Sit et harum aperiam sapiente repellendus maiores eos. Consequatur ut rerum explicabo mollitia repudiandae. Nesciunt quae reiciendis facere rerum.</p><p>Reprehenderit dignissimos laboriosam non sint. In voluptas hic quisquam nesciunt. Magni atque eum totam voluptatem doloremque recusandae. Perferendis ut alias eius quasi a. Deserunt dolores id animi vero.</p><p>Voluptas ea ea dolores voluptatem voluptatem molestias architecto. Voluptatem aut dolores perspiciatis aut. Aut et pariatur qui qui. Ipsum qui voluptatem facere non velit.</p><p>At architecto asperiores ipsa sed consequatur. Velit hic quia autem quia. Quidem saepe aut rerum officiis nobis aut unde molestiae. Rem ut voluptatem exercitationem at.</p><p>Dolores voluptate temporibus quo consectetur quasi. Aut quis esse earum voluptatem. Reprehenderit est ea adipisci a. Iure est quia cum autem nam. A quas eligendi rerum voluptate.</p><p>Minus occaecati ipsam culpa eius sapiente nihil voluptatem. Modi est dicta voluptas ab error. Voluptatem quisquam in provident id.</p>', NULL, '2023-04-30 23:36:10', '2023-04-30 23:36:10'),
(5, 1, 1, 'Dignissimos aperiam et.', 'consequatur-exercitationem-voluptas-maiores-officiis', NULL, 'Velit commodi magni repellat in voluptas. Repellendus reiciendis et dicta iste et quis.', '<p>Eum laboriosam ea aut inventore consequatur. Eaque qui quis cum quaerat. Rerum dolorem corporis neque quae. Inventore doloremque non dolorem omnis dicta dolorem voluptatem.</p><p>Itaque cumque officiis numquam optio et. Qui eligendi non delectus alias accusamus incidunt perspiciatis. Dolor expedita aliquam ipsa eos sit. Accusantium est voluptas enim aut.</p><p>Nobis vitae aspernatur ex eos amet. Quaerat dolor incidunt cum dolorum iure quae sint reprehenderit. Magni similique voluptas sunt nostrum.</p><p>Pariatur voluptas odit cum voluptatem aut. Et dolore velit dolor aut neque rerum natus. Deserunt explicabo expedita voluptatibus expedita suscipit. Laboriosam cumque qui eaque asperiores voluptatem sunt.</p><p>Qui earum ut autem iusto debitis. Dolor esse minus nobis qui aut. Quidem accusantium incidunt ut nam occaecati labore aut.</p><p>Illum aut qui nisi culpa. Nihil aspernatur sed itaque aliquam animi. Fugit eligendi sit aperiam soluta est eos debitis. Reprehenderit sunt porro ut veritatis doloremque et et magni.</p><p>Error quo officiis voluptatibus reprehenderit. Rerum et rerum non qui eos sit culpa. Aspernatur doloremque ipsum quidem.</p><p>Qui sunt ut temporibus commodi nam rerum sit illo. Est nesciunt ducimus molestias et voluptas commodi enim. Eius perspiciatis reprehenderit et eos. Numquam aliquid quae et natus est qui.</p><p>Molestiae veritatis facilis ipsum molestias veniam quia. Est sequi deserunt est veniam neque at aut earum. Excepturi itaque qui quos sapiente qui sit impedit. Placeat quis similique ut veniam odit nesciunt.</p><p>Maiores expedita qui consequatur repellendus error magnam repellendus. Ullam quis provident exercitationem. Quos omnis eum molestiae reprehenderit ut. Laboriosam quas quae quas aspernatur iusto.</p><p>Dolore aut error doloremque. Voluptatem quam numquam amet numquam. Cupiditate reprehenderit et voluptatibus. Sapiente quod et omnis cupiditate non.</p>', NULL, '2023-04-30 23:36:10', '2023-04-30 23:36:10'),
(6, 3, 3, 'Ea et architecto.', 'aspernatur-porro-fuga-non', NULL, 'Qui placeat quidem aut recusandae cupiditate eos est.', '<p>Illum ut enim ducimus velit quaerat. Qui aut qui ab soluta exercitationem. Et voluptas et qui totam autem est et.</p><p>Quidem consequatur aut maiores. Qui corrupti laboriosam veniam repellat sunt ut alias. Maiores aut hic nobis in reprehenderit delectus.</p><p>Quibusdam exercitationem est maiores ratione quisquam ut sit. Praesentium ut maxime blanditiis corrupti animi a maiores aut. Fugit suscipit illo modi aut sit provident cupiditate.</p><p>Amet voluptatem aut veritatis sed cumque nihil. Ut nam rem voluptates asperiores et quia et.</p><p>Hic aut maxime tenetur accusamus. Sint eligendi animi reiciendis sed. Molestias delectus modi numquam non aut. Exercitationem dolorem consequatur soluta atque et cumque qui.</p><p>Et cum vitae sed assumenda. Odit et quia totam vero recusandae. Illum eius a repudiandae repellat dolor. Velit sit velit ut enim.</p><p>Non vel qui recusandae corporis. Accusamus distinctio quis nihil sunt nostrum. Nisi saepe in est deserunt consequuntur qui. Commodi impedit qui iste aut reiciendis quae.</p><p>Occaecati qui molestiae aspernatur aspernatur. Aut doloribus sit minus et quia ab similique. Distinctio voluptas ipsam vel sint.</p><p>Nulla dolores aut non eum quis quod. Ad voluptas aut tempore ducimus totam. Atque est quod non repudiandae et. Tempora commodi dolorem nemo pariatur.</p><p>Laborum voluptas autem rerum nam quo iusto. Sed ut et modi ipsa et. Voluptas quia nemo expedita ullam expedita. Et doloremque laborum amet aperiam consectetur voluptatem quam.</p><p>Consequatur accusamus impedit non tempora perspiciatis eaque ratione quod. Sapiente illo velit mollitia qui. Et deserunt impedit quis minus ut nulla.</p><p>Ut animi et sint cumque. Non dolor sit ratione consectetur minima distinctio dignissimos impedit.</p><p>Sequi numquam nostrum temporibus praesentium accusantium in dolore. Velit quis ad dolorum voluptatum quod asperiores. Quae placeat corporis sed debitis. Qui sequi pariatur aliquid ut aut explicabo eius.</p><p>Magni assumenda et eligendi. Architecto ad et laboriosam qui nihil magni. Qui qui mollitia facere sint quia.</p><p>Aut dolores voluptas delectus fugiat optio quas. Incidunt dolorum in rerum fugiat. Iure sint sed ipsum sit hic impedit ut. Labore est aut et et tenetur vitae iste non.</p><p>Id nihil voluptatem temporibus vero soluta et. In dolorem quod sit voluptas aut. Saepe quisquam quia omnis tempore est reiciendis velit. Quas id velit ut facilis quidem.</p>', NULL, '2023-04-30 23:36:10', '2023-04-30 23:36:10'),
(7, 1, 3, 'Repellendus iste sit autem quod ea.', 'accusantium-omnis-dolorem-eligendi-autem-amet-optio', NULL, 'Architecto vitae quibusdam dolore nobis animi porro. Consectetur et sint nulla aperiam ad.', '<p>Voluptas hic nisi veritatis ratione at rem qui culpa. Libero necessitatibus nobis aut qui necessitatibus non. Atque qui et neque quibusdam ut quia eos.</p><p>Voluptatem vero optio omnis architecto. Incidunt incidunt mollitia voluptas sed ut soluta. Nulla rem voluptas harum commodi id labore odio.</p><p>Earum inventore dolorum voluptatem suscipit. Quis veniam ut officia vel nam.</p><p>Ad corrupti est quaerat eius. Dolores sapiente est deserunt labore rerum.</p><p>Eligendi sit et voluptas ratione quia. Praesentium sit doloribus amet consequuntur sunt explicabo voluptatibus. Debitis hic aperiam temporibus consequuntur et. Enim eligendi atque possimus dolor dicta eius eligendi.</p><p>Dolores accusamus voluptatum ex maiores dolor officiis est sint. Modi laboriosam dolorum et et repudiandae minus. Distinctio velit qui velit et voluptas iusto architecto. Suscipit incidunt molestias et.</p><p>Maiores ipsum itaque laudantium. Odit vel nisi et quam assumenda.</p><p>Aut assumenda tempore rerum recusandae aut quia. Qui occaecati atque ab sed. Numquam quidem maiores eaque distinctio ipsum. Nemo natus quas blanditiis eum laborum earum odit.</p><p>Est ullam a consequatur itaque voluptatem. Odit voluptas qui qui labore dolores nam perferendis. Quia perspiciatis eius perspiciatis et dolores quisquam. Accusantium doloribus enim iste harum at numquam.</p><p>Est cupiditate consequatur molestias ut. Placeat non et nostrum beatae placeat quibusdam iusto esse. Ut possimus qui qui illo laudantium quis.</p><p>Quia qui non quia ipsam vel at maiores. Sint commodi unde autem eos distinctio. Aperiam qui labore ut occaecati debitis aut distinctio.</p><p>Delectus totam voluptas reprehenderit explicabo fugiat quos itaque. Pariatur hic vel quia nesciunt voluptas. Dolore tenetur fugit et aperiam eos ex. Autem pariatur rerum velit dolorem repudiandae mollitia ipsum.</p><p>Sed sed officiis veritatis nostrum explicabo. Neque qui quia quis unde. Laborum blanditiis qui dolor aut voluptas culpa. Ex id maiores sint amet facere exercitationem. Pariatur est eum fuga.</p>', NULL, '2023-04-30 23:36:10', '2023-04-30 23:36:10'),
(8, 1, 1, 'Similique aut quia corporis minus.', 'aperiam-labore-beatae-quam-ratione-enim', NULL, 'Ut quam libero laborum sint nisi.', '<p>Sit maiores molestiae pariatur nihil id labore. Error doloribus quae doloremque maxime sed soluta. Voluptatem vitae maiores sapiente aperiam quae nisi eos. Odit libero enim molestiae qui.</p><p>Odio neque deleniti eos sunt. Ut ad facilis praesentium expedita. Et repellat alias dolores voluptatem ut enim ut. Aliquam laboriosam delectus vel aspernatur.</p><p>Iusto molestiae cupiditate quas reiciendis. Totam sint maiores illum quia sit.</p><p>Consequatur laborum tempore ducimus recusandae quis vel. Maiores alias quis in sint autem veniam rerum aliquam. Corporis optio dignissimos aut nobis nihil iure assumenda. Quam quis distinctio ullam eum eius fugit.</p><p>Eos eaque dolorum eum. Quibusdam id autem fugit rerum. Rerum vero qui fuga vel aut eos iusto. Incidunt natus laboriosam et dolore excepturi ipsum.</p><p>Non velit dolores dignissimos perferendis. Et repudiandae animi ad. Ea explicabo ratione aut et nesciunt non.</p><p>Tempora ex cum molestiae incidunt. Ut quos dolores quis omnis harum vero. Magni earum fuga unde quo et non. Nemo explicabo fugiat id voluptatibus temporibus ut.</p><p>Veritatis corrupti consequuntur animi est. Ab velit itaque dolores deleniti occaecati quis. Animi dolorum aut eos qui non ut qui.</p><p>Perspiciatis ut quia vitae unde laudantium iure velit. Voluptatibus eos sit vero ipsum aliquid velit. Et est quia quaerat in. Hic aut voluptatem velit voluptatem illo ea.</p><p>Commodi hic sint autem quae ratione ad. Voluptates et quae rem nulla. Sit corporis eligendi nostrum doloribus voluptatem dolores quod.</p><p>Et ipsam facilis quia unde. Praesentium facilis et sint qui voluptatem quidem nemo. Sed aut assumenda quod fuga quidem. Id aperiam dicta culpa deserunt voluptatem vero modi.</p><p>Consequatur quam impedit sit voluptate facilis non esse. Quia quia sit quia ea. Ab molestiae ut nesciunt minima pariatur. Sit ut dolor incidunt a rerum dolores perferendis.</p><p>Voluptas odio perspiciatis tenetur molestiae. Possimus harum dolorem esse a omnis. Ea nihil eligendi quae qui natus.</p><p>Quis nostrum quos dolorum tempora. Et ut debitis qui cum est nostrum. Ad in debitis et veritatis.</p><p>Distinctio ipsa qui hic adipisci et. Sunt perspiciatis et sed aperiam officiis sit. Quas assumenda minima qui numquam.</p><p>Repellendus necessitatibus delectus voluptatem corporis vitae laborum. Ea est sed sit animi voluptatibus. Eveniet eos sapiente quasi.</p>', NULL, '2023-04-30 23:36:10', '2023-04-30 23:36:10'),
(9, 1, 5, 'Voluptas vel eos corporis rerum laudantium.', 'aliquid-perspiciatis-deleniti-veritatis-est-cupiditate-quo-aperiam', NULL, 'Cupiditate consequatur doloremque reprehenderit officia. Ex sit quam autem non quisquam quasi quaerat. Perferendis minima blanditiis culpa vel.', '<p>Aliquam corporis odit officiis. Nesciunt omnis ipsam et nisi rerum. Omnis ut aut est corrupti necessitatibus assumenda minima. Et ratione molestiae laboriosam est voluptatem asperiores.</p><p>Consequatur aut illo excepturi voluptatibus aut veniam. Velit ducimus voluptatibus non qui saepe. Impedit odio delectus aperiam fugit.</p><p>Tempore consequatur architecto quos. Explicabo sed accusantium vel temporibus. Maiores nam ea nostrum quos quis qui. Quisquam iure odio officiis aliquam optio est voluptatem.</p><p>Et debitis eum nisi reiciendis maiores sint dolores. Necessitatibus voluptas id suscipit laudantium hic nulla distinctio voluptatem. Ut quidem sunt quasi tempore. Omnis omnis et eaque modi.</p><p>Iure eius qui modi eos officia doloribus. Mollitia quia eligendi optio molestiae. Ut iusto dolores sit molestiae. Sit ipsum est possimus excepturi facilis.</p><p>Ipsa nobis et quia. Vel nisi ducimus deserunt temporibus voluptatem. Eos totam accusantium eum minima autem vitae.</p><p>Rerum possimus ab voluptatem voluptatem a saepe. Molestiae rem quia qui autem libero eum. Quia velit quasi quidem inventore deleniti ad sint facere.</p><p>Maxime et in iusto esse tempora iure. Laudantium saepe ullam voluptatum quod minima ut. Culpa aut sequi et voluptatem ut.</p><p>Illo inventore quia exercitationem. Quaerat maxime ea neque sed. Est et exercitationem impedit repudiandae fugiat sunt ut. Laudantium qui omnis repellat error quia. Eos odit autem quod sequi.</p><p>Omnis quia blanditiis dolore ex. Qui beatae ea magnam totam. Aliquid molestias autem numquam reprehenderit a ut facilis. Voluptatum voluptate maiores illum eos accusamus sed.</p>', NULL, '2023-04-30 23:36:10', '2023-04-30 23:36:10'),
(10, 3, 2, 'Labore rem adipisci odio exercitationem quam.', 'magni-dolor-autem-qui-aliquam', NULL, 'Voluptatibus ut vero minus rem maiores enim cum. Iusto nulla dicta animi eligendi voluptate autem veniam.', '<p>Architecto quo qui est quia nisi sunt qui. Sunt quas ut laboriosam. Nam id et maiores dolor et maxime neque. Sequi facere sunt sit sed.</p><p>Commodi mollitia dolor officia quos qui nam rerum. Reprehenderit eos voluptatem vel. Aliquam nihil quidem neque quod sit. Repellendus aspernatur sed et magni.</p><p>Ducimus minima saepe culpa voluptatem quas ut temporibus ipsum. Qui expedita maiores ipsum maxime pariatur harum. Alias et provident autem nulla quas. Sit vel eaque natus ut et.</p><p>Id occaecati sint earum recusandae ut. Et sunt quia illo eos. Qui earum quia occaecati.</p><p>Libero dolorum repudiandae nihil. Voluptatem molestias nemo ex non nostrum quas. Consequatur dolor illum accusantium et in iusto.</p><p>Pariatur debitis ut voluptatibus natus. Eos dolorem voluptate qui ut mollitia. Ut eveniet optio quia corporis ex quos sint id. Nihil voluptas accusamus nesciunt temporibus maxime.</p><p>Eius numquam aut veritatis saepe qui vel sit illum. Tenetur sit dolor asperiores sit. Culpa eaque aut recusandae earum deserunt.</p><p>Harum tempore et rerum sunt qui sit dignissimos deleniti. Cumque sint tenetur vero quos consequatur quasi. Sed voluptas quo a sit facere.</p><p>Non incidunt similique dignissimos recusandae sed aliquid dolore. Sunt numquam qui suscipit veritatis similique voluptates. Nostrum qui hic autem et maiores.</p><p>Corrupti et et nemo et sed sit. Sunt et nihil illum exercitationem. Soluta error quaerat reiciendis neque omnis. Officia neque magni id sed ut quia.</p><p>Est sit vero quisquam odit. Quod voluptas deserunt quas neque voluptate et repellendus sit. Non qui non consequuntur quaerat. Numquam ipsum neque aliquid quia.</p><p>Quidem cum vel dolorem alias molestiae. Blanditiis ut qui tenetur. Veniam quia aut voluptatem quo. Aliquam quis perspiciatis nihil repellat. Sunt ut fuga perspiciatis et deleniti.</p><p>Expedita eius nisi illum et illo enim. Nihil doloremque ut deleniti voluptatum.</p><p>Fugit ad quia voluptatem dolores. Qui dolores ea ipsam ea. Placeat necessitatibus qui sint in. Sequi nam incidunt et incidunt atque deleniti eveniet.</p><p>Voluptatem voluptatem delectus nostrum provident. Natus unde impedit nulla exercitationem dolorum.</p><p>Eligendi magni autem consequatur velit quaerat consequatur facere. Laudantium ea sint esse tenetur hic qui qui. Suscipit sed occaecati rerum dolore fugit. Ipsa dignissimos voluptas est ut rem minus ex.</p><p>Similique odit ipsum enim. Assumenda libero cumque non nisi maxime suscipit. Error totam qui voluptate labore maiores assumenda.</p><p>Qui nostrum velit omnis unde aliquam corrupti. Pariatur quia sapiente quia velit corporis placeat. Ad nam voluptatem sint.</p><p>Inventore aut sunt dolor qui eaque quaerat. Minus facilis quasi dolor accusantium quia. Reprehenderit debitis iusto est neque accusantium molestiae omnis.</p><p>Eaque velit eaque rerum sit est sint quis. Porro quibusdam veritatis quasi sapiente. Nesciunt soluta dolore qui nihil voluptas qui. Qui error quia hic recusandae possimus eum non sed.</p>', NULL, '2023-04-30 23:36:10', '2023-04-30 23:36:10'),
(11, 2, 3, 'Molestiae inventore est alias laudantium ipsam optio.', 'unde-aliquid-vel-a-quia-quo', NULL, 'Vel reiciendis qui sequi mollitia aut sit. Accusantium qui placeat aut optio ipsa ducimus architecto eligendi. Et libero adipisci molestias. Consequatur omnis sequi quaerat laboriosam ut veritatis molestiae.', '<p>Dolorem voluptatem autem aliquam vel quod autem. Sit dolorum quia est et commodi. Ut sed neque nobis quibusdam aut sequi voluptatem. Iste quasi aliquam debitis eveniet veritatis eum.</p><p>Commodi at voluptatem delectus rem esse fugiat. Et et aut sequi voluptatem et modi.</p><p>Sit excepturi mollitia eos vitae optio vero quos. Dolor explicabo repellat consectetur qui aut mollitia vitae. Ratione qui nihil corporis cumque a est qui. Quia et velit vitae velit vel.</p><p>Error autem vel ut et ipsum et non. Consectetur assumenda et dolorum. Nisi cumque impedit nisi labore et. Hic deserunt nihil ex.</p><p>Sed doloremque aut placeat assumenda. Inventore esse ipsam commodi quisquam. Et voluptas aut ullam. Id vero nobis consequatur necessitatibus facilis.</p><p>Consequatur assumenda deleniti error ea iusto earum. Dolores ut incidunt inventore possimus rerum voluptas ex sit. Quo cum nam nam mollitia.</p><p>Perspiciatis distinctio sed iste dolore qui commodi quos. Molestiae non quos expedita quod architecto. Numquam at eos itaque dolorem optio.</p><p>Enim alias facere voluptatem labore cupiditate ut ut. Occaecati ut hic eaque est. Autem quis corrupti veniam impedit. Maxime dolorum odit id tenetur dolor alias eum.</p><p>Rerum quibusdam id id voluptate autem. Ab suscipit vero molestiae aperiam. Ad molestias minus repellendus ad sed.</p><p>Ad voluptas harum eaque qui quo quam. Laudantium est voluptatem eum odit porro distinctio rem laudantium. Odit maiores et aut ex. Beatae laboriosam sapiente ratione corrupti.</p><p>Est magnam accusantium assumenda vel. Ea nihil unde est. Repellat quis exercitationem iusto nihil. Incidunt ab velit alias voluptatem molestias necessitatibus tempore. Optio dignissimos magnam ex illo.</p><p>Ipsum iste totam earum. Expedita voluptatibus illum eos hic sed. Et maxime omnis qui voluptas omnis est. Eum quos est nulla. Corrupti velit odio accusantium eos.</p><p>Perspiciatis expedita sit iure illo omnis omnis. Quis ea ratione adipisci odio.</p><p>Quae aut facilis doloremque id iusto ratione rerum. Commodi ducimus ratione dolor ad. Doloremque dolores ratione saepe velit architecto. Excepturi suscipit dolor dignissimos consequuntur qui ea nesciunt.</p><p>Dolorem quis illo adipisci qui aut impedit. Est natus ea quae eum totam sunt enim. Ea doloremque fugit aut itaque necessitatibus.</p><p>Maxime suscipit ipsa id aut laboriosam fuga animi. Voluptatem tenetur neque consectetur veritatis dolorem dolores. Explicabo non architecto quia omnis alias consequatur.</p><p>Reprehenderit nihil commodi aliquid quam nesciunt. Vitae occaecati ipsam quasi natus aspernatur. Aliquam et ducimus harum et. Rem nostrum voluptates in odit voluptatem delectus.</p><p>Repellendus porro assumenda corporis ad corporis aut. Incidunt dolorem et necessitatibus reprehenderit fugit veritatis deserunt. Consequatur mollitia soluta impedit rerum alias.</p><p>Sed ut illo voluptate omnis eius. Aut enim molestiae delectus rerum facilis repellat. Nobis et natus ad.</p>', NULL, '2023-04-30 23:36:10', '2023-04-30 23:36:10'),
(12, 5, 4, 'Culpa eligendi optio et aliquam dolorem debitis.', 'et-id-voluptates-nihil-unde-qui', NULL, 'Tempora repudiandae vel mollitia unde officia eveniet quo. Ad fugit veniam sunt odio aliquid.', '<p>Exercitationem debitis dolorum optio vitae sit totam dolore et. Corrupti quaerat aperiam laudantium sed provident. Qui aut temporibus delectus quis occaecati esse.</p><p>Esse consequatur id dolorum corrupti. Mollitia blanditiis eaque ipsa a molestiae. Aliquid excepturi reiciendis soluta qui vel quo modi. Nam suscipit temporibus soluta sunt voluptatibus et. Sit sint perspiciatis fugit perspiciatis totam ea.</p><p>Tempore et rerum voluptas quia et commodi. Expedita exercitationem omnis maxime omnis nostrum minus.</p><p>Reiciendis ex delectus dicta voluptatum dolorum aut. Quo earum quo dignissimos et magnam animi.</p><p>Natus blanditiis nobis incidunt. Explicabo qui sapiente nulla laudantium. Et quibusdam in ipsa adipisci et officiis repellendus. Non eum consectetur facilis consectetur inventore qui pariatur.</p><p>Et officia debitis et possimus et. Aut tenetur omnis voluptas quia ipsam fuga. Est quia sint in accusantium. Velit perferendis velit voluptatem placeat optio explicabo.</p><p>Molestiae et quam voluptatem. Ut non ut in qui similique atque. Recusandae ut excepturi voluptatem dicta cum distinctio. Qui voluptatem fuga quaerat est. Harum ut molestias ut qui facere doloribus.</p><p>Et asperiores id laborum officia consequatur inventore repudiandae. Voluptatem itaque harum dolorem numquam. Quos sit natus consequatur vitae perspiciatis accusamus. Aut quos et modi distinctio.</p><p>Necessitatibus facilis consequatur est rerum tempore. Velit minus hic doloremque eos voluptatem. Vero suscipit fugit qui dolore quia ducimus. Sint necessitatibus reprehenderit et est fugit.</p><p>Rem sapiente aut illum eius sint voluptates vel optio. Quaerat quis perspiciatis temporibus consectetur. Repellat incidunt ab quia explicabo quis nostrum. Quam eos est labore.</p><p>Rerum voluptas et voluptatibus iste. Sequi nisi voluptatem aliquid consectetur voluptatum. Rerum explicabo laudantium itaque veniam consectetur. Sapiente tempora sapiente impedit aut porro.</p><p>Quam nam voluptatem fugit sunt. Rem nihil beatae consequuntur deserunt excepturi tempora. Voluptatem libero non earum dolore vel ut.</p><p>Placeat dolores est aliquam asperiores. Illo quo accusantium est ea explicabo omnis repellat. Omnis eligendi placeat quia quae ducimus est optio nulla.</p><p>Odio eum repellendus cumque eligendi. Tempore voluptatem provident repellat culpa et asperiores.</p>', NULL, '2023-04-30 23:36:10', '2023-04-30 23:36:10'),
(13, 5, 5, 'Explicabo fugiat quae.', 'enim-sed-consectetur-veniam-eaque-sed-et', NULL, 'Quo vel tempore perspiciatis eligendi beatae.', '<p>Sit facilis consequuntur reprehenderit aliquid similique dolorum iure ad. Rem quis exercitationem quas sint quod. Harum qui itaque doloribus odio ut placeat debitis laboriosam. Qui tempora illo sit velit ex sit.</p><p>Et ad vel minus neque. Nihil sit adipisci voluptate molestiae eligendi rem dolores. Facilis alias rerum numquam saepe.</p><p>Qui ut nihil eos recusandae. Explicabo quod harum explicabo beatae quasi architecto odit. Aut quibusdam beatae aliquam quam.</p><p>Dolorem quasi eum labore. Aut nam sint a voluptas aspernatur non. Doloremque aut velit tempora voluptatum. Accusamus porro sint adipisci.</p><p>Qui natus beatae molestiae. Odit sed iusto blanditiis maiores aperiam ea est. Esse corrupti aut rem temporibus assumenda quas asperiores.</p><p>Ut harum in explicabo eum repudiandae placeat. Maiores omnis et impedit aut nesciunt earum rem occaecati. At ratione repellat enim.</p><p>Qui voluptas libero ipsa. Ex et quis a dolor repellendus culpa. Culpa dolorum ut ullam et.</p><p>Autem ut occaecati at quasi facilis. Eos odit vero voluptates ipsum et possimus. Rerum autem expedita assumenda. Exercitationem possimus sed id nisi.</p><p>Deserunt voluptatem quis in. Sequi aut illo facilis doloribus labore. Quam odio minus iste sint quia id.</p><p>Qui quia reprehenderit vel molestiae vel facere cum est. Ad est iste beatae rerum minima velit perferendis deleniti. Eum sed qui ratione quos. Optio et aperiam rerum aut eum et sint.</p><p>Corporis minima unde quam accusamus quis. Quidem dolores voluptatibus non vel non quia ut. Perspiciatis repellendus exercitationem dolores expedita sint sed.</p><p>Earum qui alias cumque laborum nesciunt quis architecto ut. Illum quidem alias quas omnis voluptatem ut aut fugit. Iste nobis similique quaerat sunt numquam.</p><p>Ad alias blanditiis aut qui quisquam. Quibusdam perferendis aut soluta dignissimos nemo et. Ex cupiditate autem sunt minus. Dolores qui tenetur eum eum officiis.</p><p>Nulla neque qui amet enim voluptatum voluptatem iste possimus. Ea dolor sapiente id exercitationem consequatur atque est iure. Sed est voluptatem illo placeat assumenda.</p><p>Voluptates facere fugiat cumque non. Fugiat minus quas aut dolorem facilis. Molestiae sed assumenda dolorum assumenda numquam dolorum.</p><p>Temporibus quasi cum enim neque voluptas mollitia. Adipisci eligendi odio qui eius quia. Perferendis id aut officia libero reprehenderit.</p><p>Aut corporis maxime similique enim neque aspernatur eligendi voluptatem. Doloribus deserunt nihil animi nihil neque a. Labore rerum et eveniet numquam omnis.</p>', NULL, '2023-04-30 23:36:10', '2023-04-30 23:36:10'),
(14, 2, 4, 'Culpa et ut dolore non excepturi.', 'ducimus-dolore-quisquam-eum-delectus', NULL, 'Odit ut quibusdam sit et aut numquam. Corrupti ut esse et voluptatem rerum. Ut aut laudantium et eaque cumque error culpa error. Quia quia ut aut temporibus rem deleniti.', '<p>Ipsa necessitatibus placeat dolorum fuga nihil laboriosam mollitia sed. Amet facere et et qui qui qui hic. Corrupti quibusdam est et. Et sed reprehenderit cum fuga hic.</p><p>Ut ducimus vel dolore sunt nihil et. Atque laboriosam consequatur excepturi aperiam labore. Recusandae sunt amet in sequi. Sed iure excepturi culpa quo perspiciatis quam.</p><p>Velit nam placeat est autem. Velit quaerat est qui asperiores perspiciatis id. Laboriosam molestiae ea eum sit.</p><p>Quis necessitatibus voluptatem qui temporibus. Molestiae amet ut possimus hic. Quis sint est provident quod et dolores.</p><p>Sit suscipit quibusdam dolore sint eum voluptatum. Minima est enim harum vero dolor architecto. Tenetur dolorem autem fugiat omnis aliquid impedit impedit. Dignissimos veritatis autem numquam tenetur voluptas.</p><p>Est nobis alias natus mollitia voluptatum. Eligendi ipsum voluptatem voluptatibus sit. Possimus velit expedita laboriosam maxime occaecati. Autem sed non deserunt.</p><p>Nostrum modi sit ipsa dolore tempora sed. Vitae quis eaque nihil in voluptatibus est aut consectetur. Recusandae hic et iusto soluta a numquam. Delectus omnis optio enim voluptatibus eaque neque deserunt.</p><p>Qui eveniet praesentium temporibus dolorem soluta ipsum mollitia. Harum in itaque quae totam debitis dolores.</p><p>Et possimus fugit et. Qui animi quo accusantium aut ea voluptates illo. Maiores fugit sit nulla.</p><p>Quas voluptas nihil velit error quam. Ratione voluptas in iure ratione omnis vero voluptatem. Aut non amet ut dolorem quia mollitia. Qui cupiditate consectetur repellat nesciunt architecto quibusdam beatae.</p><p>Sapiente qui ducimus dolorem est beatae sunt qui. Laudantium quidem dolorum dolorum eligendi non. Ea voluptatum excepturi reiciendis quasi. Fugit officia illo at voluptatem aut voluptas voluptates quidem. Voluptate voluptatem quo molestiae eum autem perspiciatis ut qui.</p><p>Tempora quod qui voluptatem quod voluptas deserunt non. Inventore aperiam vero vel dignissimos eius voluptatum dicta quod. Error laborum soluta magni vitae praesentium eos qui. Dolor perferendis incidunt voluptas quasi magni vero quasi.</p><p>Ipsum velit amet et laboriosam exercitationem. Sed amet optio aut. Iste et error voluptate blanditiis voluptatem. Inventore dolor incidunt repudiandae cumque et possimus.</p><p>Voluptatem dolorem tenetur praesentium. Fugiat rerum placeat possimus dolorem. Dolores velit eum sed quam. Labore eveniet magnam eligendi sit voluptatem nulla.</p><p>Qui numquam culpa doloribus aut et. Provident molestias enim veritatis aperiam iure vitae sit omnis. Est magni dolor dolores alias.</p><p>Aperiam non consequatur atque. Dolores qui dicta voluptates optio nisi praesentium asperiores voluptas. Sed labore minus nisi odit quasi. Ducimus aspernatur quibusdam labore maiores.</p><p>Delectus rem perspiciatis quia pariatur aut voluptatem in. Alias veniam eos iure rerum est. Nihil est eveniet adipisci omnis. Et in velit temporibus et dolores.</p><p>Harum molestias velit laudantium tempora. Fuga quia beatae dolorem adipisci voluptatum. Minima enim quo aliquam soluta praesentium voluptatem labore magni.</p><p>Illo quod dolorum saepe expedita itaque iure hic. Unde ipsam fugiat nostrum.</p><p>Consequatur dolores asperiores sint cumque qui. Voluptate iure laborum omnis quia dignissimos consequatur qui. Unde enim et non ex tenetur ipsum. Unde provident dolorem fugiat tenetur voluptates qui. Ea repudiandae quisquam blanditiis nemo illum voluptatem ipsam.</p>', NULL, '2023-04-30 23:36:11', '2023-04-30 23:36:11'),
(15, 2, 3, 'Accusamus aut facilis vero non sint autem.', 'perferendis-non-neque-consectetur-et-perferendis', NULL, 'Architecto corporis non tenetur aut unde voluptatem. Et deleniti beatae ullam at.', '<p>Commodi natus occaecati labore eos eligendi. Voluptatem voluptas vero maiores velit optio unde ipsum. Et quam atque similique qui inventore.</p><p>Impedit repudiandae mollitia optio possimus ullam nulla. Repellendus molestias facere explicabo non assumenda repellendus. Explicabo vel dignissimos odit soluta deleniti repellendus eligendi aut. Sunt ut ut earum voluptas ut odio dolorum.</p><p>Pariatur est quo similique sint voluptates molestias saepe. A ab quia magni adipisci aperiam. Suscipit quaerat aut dolorem hic consequuntur sit. Dolores laborum quo ea accusamus quia libero cupiditate.</p><p>Dolores similique sed mollitia porro est. Aperiam dignissimos voluptatem consequatur sit libero assumenda eius.</p><p>Expedita rerum tenetur aspernatur blanditiis. Rerum inventore consequatur accusamus. Provident cum aut quis deleniti maiores totam enim. Necessitatibus dolorem molestiae doloribus est.</p><p>Repellat perferendis ullam voluptas molestiae. Rerum qui est rerum sequi. Qui ut vel aliquid blanditiis et.</p><p>Officiis enim qui non id nostrum atque. Id at et id quia voluptatum assumenda commodi quidem. Distinctio molestiae in voluptas odit laudantium voluptatum ea.</p><p>Ut reiciendis quia perferendis optio quisquam voluptatem culpa quas. Magnam ut harum ut veritatis corrupti aliquid esse voluptatibus.</p><p>Quasi quo ullam amet aut unde consequatur et. Enim sint tempora illo qui. Quis facilis vitae pariatur et. Commodi fugit enim officiis consequatur.</p><p>Magnam numquam non et blanditiis inventore. Alias odit nam nobis distinctio et aliquam. Temporibus est quia esse est animi et. Possimus sit non illum voluptatem veritatis nemo qui. Reprehenderit optio eaque voluptate alias illo.</p><p>Quis ipsa aut odit labore. Accusantium praesentium est eum provident molestias ad quo perspiciatis. Exercitationem corrupti aut officia officiis et sit.</p>', NULL, '2023-04-30 23:36:11', '2023-04-30 23:36:11'),
(16, 3, 2, 'Pariatur quos.', 'soluta-et-nobis-enim-quia-provident-nam', NULL, 'Pariatur eligendi quibusdam dolor sequi consequatur illum saepe. Iusto dolores aut quo voluptatum culpa quisquam.', '<p>A quod eius ad voluptatem recusandae. Provident quia qui sequi omnis ratione. Quo iste ex reprehenderit earum optio quod. At et sit sed repellat. At recusandae rem et quia eius aperiam.</p><p>Quidem tempora voluptas dolores. Alias minus culpa quia ut debitis nesciunt. Quis facilis cupiditate rerum earum id. Delectus id exercitationem fugiat provident sequi. Eligendi quia qui sit repellat.</p><p>Non debitis cupiditate repellat quia autem tempore. Eius veritatis tempora nobis itaque. Est minima voluptatem numquam sed. Repellat cum aut expedita esse veniam repellat aut.</p><p>Non laboriosam corporis reprehenderit distinctio rem vero voluptates. Quia sit exercitationem quae corrupti. Perspiciatis numquam incidunt in aliquam sint impedit maxime. Est delectus itaque dolorem maiores.</p><p>Corporis ea dolor repellat voluptatem non omnis. Quo quod veritatis officiis quo illum earum quia.</p><p>A nulla pariatur et aut et. Qui minus eum est est eligendi repellat. Voluptatem nisi tempora iste sunt praesentium ut inventore. Assumenda suscipit repudiandae consequatur et dolorem.</p><p>Alias et at nostrum optio quod asperiores. Qui repellat eos non ipsa consequatur. Consequatur tenetur nam molestiae inventore.</p><p>Eaque corporis harum sint quidem quibusdam. Ab architecto magni est iure nisi. Alias libero id nam sed sint. Accusantium accusantium ut vero ipsum.</p><p>Et aut qui fugiat unde aliquam nemo et aliquam. Ut necessitatibus perferendis saepe vel sequi possimus. Iste dolorem dolores accusantium corporis.</p><p>Id accusantium sunt et praesentium iusto sed. Aut sit non distinctio omnis.</p><p>Ipsa tempora maiores nesciunt rerum. Et suscipit quidem fugiat nisi. Possimus iure tempore neque. Distinctio dignissimos dolorem temporibus et et.</p>', NULL, '2023-04-30 23:36:11', '2023-04-30 23:36:11'),
(17, 2, 2, 'Veniam saepe natus expedita rerum nulla et.', 'est-ab-nulla-saepe-praesentium', NULL, 'Eum deserunt et nesciunt sint aperiam qui. Neque sed labore et aut odio pariatur. Consequatur veritatis sit modi odit rem autem. Distinctio quia perferendis nesciunt quos eos.', '<p>Libero sunt pariatur aut accusantium repudiandae tempora. Quia cumque voluptatem voluptas necessitatibus. Quisquam at nihil molestiae. Id corrupti pariatur libero odio et ad. Ut consectetur qui repellendus illo aut qui.</p><p>Nemo voluptatem quos voluptatem voluptas sed. Debitis possimus omnis ea perferendis dolores maiores reprehenderit. Ab vero tenetur delectus sit ut possimus. Natus tenetur molestias dolorem sed architecto repellat odit.</p><p>Architecto doloremque sint et nulla alias nesciunt placeat ea. Totam doloremque laborum neque nostrum. Consequatur ipsam repudiandae reprehenderit animi qui iure ratione. Laudantium nulla veniam magni animi sint laudantium.</p><p>Possimus dolor quasi eius voluptate magni consectetur exercitationem. Tempora beatae maiores qui voluptates.</p><p>Qui illo rerum quaerat iusto excepturi amet quia. Vel et doloribus occaecati ea pariatur iure. Accusamus possimus et ex enim. Est est a sunt maiores exercitationem officia.</p><p>Incidunt placeat reiciendis id qui. Distinctio distinctio dolores voluptas doloribus. Accusamus quo blanditiis deleniti et illum amet excepturi. Provident ut dolorum omnis omnis ut.</p><p>Nemo omnis quis eos. Provident saepe minima eius et facere vel.</p><p>Commodi aut et veritatis. Quia ullam voluptate voluptates corrupti.</p><p>Repellendus quia ea atque tenetur rerum. Placeat beatae velit facilis et voluptatem iusto. Consequatur aut dicta ad et. Occaecati rerum laboriosam ipsa quibusdam.</p><p>Laudantium delectus velit facere ipsum quia. Ea necessitatibus consectetur est et reprehenderit. Eos molestiae ut fugiat earum.</p><p>Est cum ut blanditiis quae facilis voluptatem. Et et sunt ratione velit. Rerum nihil dolorum nesciunt reprehenderit.</p>', NULL, '2023-04-30 23:36:11', '2023-04-30 23:36:11'),
(18, 3, 5, 'Voluptas in.', 'cumque-qui-sunt-et-possimus', NULL, 'Quae non omnis rerum quam saepe rerum.', '<p>Dolorem minus in fugiat sapiente. Veritatis quasi excepturi itaque voluptatem cupiditate tenetur. Nihil beatae ut omnis facilis fugiat amet.</p><p>Expedita voluptas magni perspiciatis natus quis veritatis cumque. Optio est ea vel culpa. Cumque ratione dolorum accusamus aut deleniti similique.</p><p>Deleniti est rerum saepe velit quaerat. A eos sed dolor esse maiores autem maxime. Porro ut minima delectus soluta et. Animi et odit reprehenderit culpa.</p><p>Eos voluptatem quam debitis commodi. Et molestiae saepe est occaecati nihil minima quia. Quidem eveniet aut est nam aut aut et reprehenderit. Labore voluptatem blanditiis commodi suscipit.</p><p>Similique dolorum aperiam eos voluptate recusandae placeat officia. Sunt quis quia asperiores quaerat quis quibusdam aut. Et est et est labore vero dolore. Et similique voluptatem ut laborum adipisci.</p><p>Nam nam itaque aut laudantium laborum. Occaecati eos consectetur cupiditate provident ratione sunt ut. Officia ut omnis possimus officia quia quia nesciunt.</p><p>Rerum nemo rerum molestiae quo praesentium et. Minus labore et eum eum nisi. Et impedit rerum dolorem in doloribus autem.</p><p>Aliquam consectetur odio voluptatem. Et quam velit commodi sunt quia. Sunt veniam temporibus hic voluptatem ipsa dolorem quia. Voluptas qui velit ratione repellendus quisquam voluptatem repudiandae. Neque consectetur non ea occaecati placeat enim aut.</p><p>Quia sunt quia incidunt cumque porro. Quo repudiandae alias reprehenderit voluptates et sit ut.</p><p>Et sunt quasi aperiam aut quia. Nihil ipsum id quia eligendi esse et perferendis ut. Asperiores id dolores accusantium. Voluptatem ut at reprehenderit saepe omnis.</p><p>Culpa id quod ducimus. Quas qui commodi aperiam quis itaque. Nobis eos nulla tenetur fugit aliquid dignissimos magnam. Repellat possimus ex pariatur dignissimos quia voluptate. Et voluptatem eius accusamus sit excepturi ex autem.</p><p>Tempora autem ut voluptatibus repudiandae facere. Et architecto rem quaerat. Quis voluptatibus sunt quisquam expedita nobis aut asperiores.</p>', NULL, '2023-04-30 23:36:11', '2023-04-30 23:36:11'),
(19, 1, 1, 'Maiores excepturi autem.', 'deleniti-ex-magnam-non-deserunt-doloremque', NULL, 'Inventore voluptas ut aspernatur et repudiandae.', '<p>Magnam ut qui vitae maiores fuga iste similique quae. Neque et dolorem enim quibusdam magni. Quibusdam eveniet dicta necessitatibus quia. Veniam ipsam qui laudantium. Et nostrum ex aliquam.</p><p>Eum eum error eligendi velit quidem aut. Reprehenderit molestiae illo eaque omnis aut rerum. Ducimus natus rem autem est odio. Eligendi voluptate neque ad et harum.</p><p>Qui optio quia et expedita quo dolorem aut. Earum sunt sequi et. Omnis qui recusandae eum non debitis. Nihil et ex velit omnis accusantium quia.</p><p>Dolore at error voluptatum ex. Iste vero aut deleniti assumenda eum et occaecati. Repellendus labore at nobis autem dolorem eos soluta.</p><p>Dicta ea consequatur et autem consequatur. Qui at odit recusandae quidem quia ut. Dolore est voluptate sunt ut magni. Consequuntur delectus numquam qui sequi iure molestiae impedit eius. Velit voluptas fugiat cumque voluptas.</p><p>Dolorem mollitia iste inventore voluptate error corrupti sunt fuga. Distinctio culpa ut veniam ducimus odio voluptas est et. Incidunt blanditiis possimus fugiat quasi.</p><p>Provident et voluptas qui autem dolorem consequatur rerum sed. Impedit ex exercitationem repudiandae amet quaerat hic dolores ut. Doloribus a deleniti eius minus.</p><p>Non et cum est omnis quasi omnis unde magni. Dolorem vel aliquid est consectetur eum neque. Adipisci omnis aut qui nam.</p><p>Corporis dolor recusandae nemo neque rerum neque. Omnis inventore voluptatem non earum suscipit corrupti mollitia mollitia. Dolores ea non et enim eveniet expedita sed. Ea labore ullam est dolorem qui.</p><p>Accusamus et dolor et nam neque. Quas rerum praesentium et voluptas delectus veritatis. Nihil et amet qui omnis qui veniam natus. Cumque voluptas voluptas earum cumque distinctio rerum et.</p>', NULL, '2023-04-30 23:36:11', '2023-04-30 23:36:11');
INSERT INTO `posts` (`id`, `category_id`, `user_id`, `judul`, `slug`, `image`, `excerpt`, `body`, `publish_at`, `created_at`, `updated_at`) VALUES
(20, 4, 3, 'Eos ratione aut debitis laudantium dolorem ab quos.', 'aliquid-est-error-esse-non-sequi-facilis-itaque-sit', NULL, 'Qui est rerum excepturi consequatur sunt labore excepturi. Laborum qui maxime in incidunt maiores consectetur nam. Velit libero vero sed quia tenetur enim.', '<p>Quo consequatur ex nisi fugit placeat quos qui enim. Architecto maiores eius qui iusto. Minus eos distinctio quia sed facere dolores voluptatem.</p><p>Molestiae voluptates maiores laudantium quibusdam ullam perspiciatis ut. Reiciendis eos sequi voluptates ut recusandae. Velit hic est aliquid omnis ut in possimus qui.</p><p>Voluptatum quisquam harum eos necessitatibus. Ut accusamus voluptatem ut corrupti error necessitatibus tenetur possimus. Odit architecto voluptate voluptas ut suscipit.</p><p>Aut at ut officiis aut. Quia enim officia omnis sint est sequi non aut. Animi aut ut qui reiciendis hic vero fuga. Sequi est repellat autem quia molestiae.</p><p>Doloribus vitae accusamus sint sed quod voluptas ut. Maiores accusamus sunt iste inventore rerum. Voluptas autem eos rerum ex cupiditate.</p><p>Maxime sequi delectus in voluptatum possimus omnis eum ad. Aut cum qui quasi itaque.</p><p>Est veniam blanditiis et dolore nihil hic. Sequi animi sint quas. Ex veniam qui at perspiciatis voluptatem id. Labore esse nostrum et at quia excepturi pariatur.</p><p>Qui magnam explicabo ex officia a officia doloribus. Eum qui quas quia sapiente earum. Qui et aut qui dolor totam dolores nam repudiandae.</p><p>Architecto minima nostrum natus iste. Veritatis reiciendis est quo nihil quo qui sed nihil. Tenetur non ea deleniti ab ut.</p><p>Debitis accusamus aut molestiae omnis eos hic. Nobis velit et eum numquam. Consequatur deleniti rerum incidunt quia iure doloremque. Reprehenderit distinctio nostrum officia a facilis quia. Minima labore placeat eos tempora ratione excepturi.</p><p>Corrupti quidem quasi porro fugit eaque tempora cum. Sit magni molestiae atque ex beatae. Eos consequatur et laboriosam sapiente. Voluptatem aut sapiente eaque fugiat iste reprehenderit.</p><p>Rerum quo vel dolores provident nemo nisi molestias. Fugiat ut in ut distinctio quis. In quo esse aut omnis et voluptatum soluta.</p><p>Et iusto est nam illum nobis architecto. Voluptatibus ullam minima deleniti doloremque possimus. Quisquam vitae labore ut quam et provident id.</p><p>Ex qui accusantium reiciendis molestias aspernatur ab aut. Earum ipsa impedit ut et. Accusantium commodi rerum qui incidunt minus sunt ut. Asperiores ullam et quidem est.</p><p>Totam et molestiae reprehenderit nemo sed pariatur fugiat. Ducimus et dolores sint a. Est voluptas qui natus dolore voluptatibus enim aliquid.</p><p>Ut ratione laboriosam voluptate quas rerum sed assumenda. Ut autem ducimus consequatur at. Eos unde sint esse aut qui aut.</p><p>Sint est est quibusdam eius. Repellat voluptates sint laborum laborum dolor. Rerum aut quo quam quia quia. Aut et et est dolor repellendus placeat.</p><p>Incidunt id animi fuga blanditiis ratione et. Maxime magnam ea consequatur quos qui iusto quidem. Nulla aut nemo odio. Velit accusantium quia totam tempora. Est quia laudantium occaecati debitis illum nisi.</p><p>Omnis occaecati repellendus nihil voluptatem explicabo eius ut autem. Odit a repellendus illum nulla ab. Dolorum magnam vel est quo suscipit in maiores explicabo. Nobis numquam sequi maiores ab quos doloremque.</p>', NULL, '2023-04-30 23:36:11', '2023-04-30 23:36:11'),
(24, 6, 1, 'Kenangan Mimin', 'kenangan', 'post-images/FpfZrMZqHOdE5wq95HefP1ueDZBX49DDtmbqQ053.jpg', 'Kenangan pas magang di rangga warsita&nbsp;cuma buat nyimpen kenangan mimin ajahhhh', '<div>Kenangan pas magang di rangga warsita&nbsp;<br><br>cuma buat nyimpen kenangan mimin ajahhhh</div>', NULL, '2023-05-01 00:22:55', '2023-05-01 00:22:55'),
(25, 6, 1, 'Kenangan Mimin Prat 2', 'kenangan2', 'post-images/8dQZqoQt335LLt6iRVGYNQKnxaGUIUscTWD1i6Of.jpg', 'ini kenangan pass ada acara maulid nabli kalo gak salah di smkn1bangsri', '<div>ini kenangan pass ada acara maulid nabli kalo gak salah di smkn1bangsri<br><br></div>', NULL, '2023-05-01 00:24:38', '2023-05-02 09:02:12');

-- --------------------------------------------------------

--
-- Struktur dari tabel `users`
--

CREATE TABLE `users` (
  `id` bigint(20) UNSIGNED NOT NULL,
  `name` varchar(255) COLLATE utf8mb4_unicode_ci NOT NULL,
  `username` varchar(255) COLLATE utf8mb4_unicode_ci NOT NULL,
  `email` varchar(255) COLLATE utf8mb4_unicode_ci NOT NULL,
  `email_verified_at` timestamp NULL DEFAULT NULL,
  `password` varchar(255) COLLATE utf8mb4_unicode_ci NOT NULL,
  `remember_token` varchar(100) COLLATE utf8mb4_unicode_ci DEFAULT NULL,
  `created_at` timestamp NULL DEFAULT NULL,
  `updated_at` timestamp NULL DEFAULT NULL,
  `is_admin` tinyint(1) NOT NULL DEFAULT 0
) ENGINE=InnoDB DEFAULT CHARSET=utf8mb4 COLLATE=utf8mb4_unicode_ci;

--
-- Dumping data untuk tabel `users`
--

INSERT INTO `users` (`id`, `name`, `username`, `email`, `email_verified_at`, `password`, `remember_token`, `created_at`, `updated_at`, `is_admin`) VALUES
(1, 'Abdillatur Rohman', 'Lacher', 'adijpr25@gmail.com', NULL, '$2y$10$KZBvtXxqYW/Uyworzawbu.od741yvNpP6cC3FF7XzEBeeNk8XXYAe', NULL, '2023-04-30 23:36:02', '2023-04-30 23:36:02', 1),
(2, 'Karsa Mangunsong S.E.', 'dacin.narpati', 'eko.novitasari@gmail.com', '2023-04-30 23:36:08', '$2y$10$92IXUNpkjO0rOQ5byMi.Ye4oKoEa3Ro9llC/.og/at2.uheWG/igi', '5IgvpXLZSq4RRCUCrX3MGo18iR4XPHIfZZsxUHVjbZMmvSDxXISpTJurpF6X', '2023-04-30 23:36:08', '2023-04-30 23:36:08', 0),
(3, 'Ade Prastuti', 'bhalimah', 'ade96@gmail.com', '2023-04-30 23:36:08', '$2y$10$92IXUNpkjO0rOQ5byMi.Ye4oKoEa3Ro9llC/.og/at2.uheWG/igi', '3mkR4MhYt1', '2023-04-30 23:36:08', '2023-04-30 23:36:08', 0),
(4, 'Prakosa Elvin Megantara', 'epradipta', 'vsantoso@gmail.com', '2023-04-30 23:36:08', '$2y$10$92IXUNpkjO0rOQ5byMi.Ye4oKoEa3Ro9llC/.og/at2.uheWG/igi', 'O5FkZmNMBHirtjbvQd2dkL4ZnwFznZgLiJ4Mxkp7UEczFltVnbOSsgDdMrrv', '2023-04-30 23:36:08', '2023-04-30 23:36:08', 0),
(5, 'Mulyono Garda Mansur', 'citra.kusmawati', 'rajata.imam@gmail.com', '2023-04-30 23:36:08', '$2y$10$92IXUNpkjO0rOQ5byMi.Ye4oKoEa3Ro9llC/.og/at2.uheWG/igi', 'eTHEuYA71e', '2023-04-30 23:36:08', '2023-04-30 23:36:08', 0);

--
-- Indexes for dumped tables
--

--
-- Indeks untuk tabel `categories`
--
ALTER TABLE `categories`
  ADD PRIMARY KEY (`id`),
  ADD UNIQUE KEY `categories_name_unique` (`name`),
  ADD UNIQUE KEY `categories_slug_unique` (`slug`);

--
-- Indeks untuk tabel `failed_jobs`
--
ALTER TABLE `failed_jobs`
  ADD PRIMARY KEY (`id`),
  ADD UNIQUE KEY `failed_jobs_uuid_unique` (`uuid`);

--
-- Indeks untuk tabel `migrations`
--
ALTER TABLE `migrations`
  ADD PRIMARY KEY (`id`);

--
-- Indeks untuk tabel `password_reset_tokens`
--
ALTER TABLE `password_reset_tokens`
  ADD PRIMARY KEY (`email`);

--
-- Indeks untuk tabel `personal_access_tokens`
--
ALTER TABLE `personal_access_tokens`
  ADD PRIMARY KEY (`id`),
  ADD UNIQUE KEY `personal_access_tokens_token_unique` (`token`),
  ADD KEY `personal_access_tokens_tokenable_type_tokenable_id_index` (`tokenable_type`,`tokenable_id`);

--
-- Indeks untuk tabel `posts`
--
ALTER TABLE `posts`
  ADD PRIMARY KEY (`id`),
  ADD UNIQUE KEY `posts_slug_unique` (`slug`);

--
-- Indeks untuk tabel `users`
--
ALTER TABLE `users`
  ADD PRIMARY KEY (`id`),
  ADD UNIQUE KEY `users_username_unique` (`username`),
  ADD UNIQUE KEY `users_email_unique` (`email`);

--
-- AUTO_INCREMENT untuk tabel yang dibuang
--

--
-- AUTO_INCREMENT untuk tabel `categories`
--
ALTER TABLE `categories`
  MODIFY `id` bigint(20) UNSIGNED NOT NULL AUTO_INCREMENT, AUTO_INCREMENT=7;

--
-- AUTO_INCREMENT untuk tabel `failed_jobs`
--
ALTER TABLE `failed_jobs`
  MODIFY `id` bigint(20) UNSIGNED NOT NULL AUTO_INCREMENT;

--
-- AUTO_INCREMENT untuk tabel `migrations`
--
ALTER TABLE `migrations`
  MODIFY `id` int(10) UNSIGNED NOT NULL AUTO_INCREMENT, AUTO_INCREMENT=8;

--
-- AUTO_INCREMENT untuk tabel `personal_access_tokens`
--
ALTER TABLE `personal_access_tokens`
  MODIFY `id` bigint(20) UNSIGNED NOT NULL AUTO_INCREMENT;

--
-- AUTO_INCREMENT untuk tabel `posts`
--
ALTER TABLE `posts`
  MODIFY `id` bigint(20) UNSIGNED NOT NULL AUTO_INCREMENT, AUTO_INCREMENT=27;

--
-- AUTO_INCREMENT untuk tabel `users`
--
ALTER TABLE `users`
  MODIFY `id` bigint(20) UNSIGNED NOT NULL AUTO_INCREMENT, AUTO_INCREMENT=6;
COMMIT;

/*!40101 SET CHARACTER_SET_CLIENT=@OLD_CHARACTER_SET_CLIENT */;
/*!40101 SET CHARACTER_SET_RESULTS=@OLD_CHARACTER_SET_RESULTS */;
/*!40101 SET COLLATION_CONNECTION=@OLD_COLLATION_CONNECTION */;
